process_step,Variation,users_completed,prev_step_users,error_rate
start,Control,33593,,0.0
step_1,Control,28719,33593.0,14.5089750840949
step_2,Control,27806,28719.0,3.1790800515338278
step_3,Control,26711,27806.0,3.937998993023088
confirm,Control,19653,26711.0,26.423570813522517
start,Test,36407,,0.0
step_1,Test,33420,36407.0,8.2044661740874
step_2,Test,29399,33420.0,12.031717534410532
step_3,Test,26890,29399.0,8.534303887887344
confirm,Test,28135,26890.0,-4.62997396801785
